name,email,age,last_active_at,id,photourl
John Doe,john.doe@example.com,25,2022-04-01 10:00:00,1,https://example.com/photo1.jpg
Jane Doe,jane.doe@example.com,28,2022-04-02 11:00:00,2,https://example.com/photo2.jpg
Bob Smith,bob.smith@example.com,,2022-04-03 12:00:00,3,https://example.com/photo3.jpg
Sara Johnson,sara.johnson@example.com,32,2022-04-04 13:00:00,4,https://example.com/photo4.jpg
Mark Davis,mark.davis@example.com,21,,5,https://example.com/photo5.jpg
Jessica Lee,jessica.lee@example.com,24,2022-04-05 14:00:00,6,https://example.com/photo6.jpg
David Kim,david.kim@example.com,27,2022-04-06 15:00:00,7,https://example.com/photo7.jpg
Alice Chen,alice.chen@example.com,,2022-04-07 16:00:00,8,https://example.com/photo8.jpg
Alex Wu,alex.wu@example.com,29,2022-04-08 17:00:00,9,https://example.com/photo9.jpg
Emily Brown,emily.brown@example.com,30,2022-04-09 18:00:00,10,https://example.com/photo10.jpg
Mike Johnson,mike.johnson@example.com,,2022-04-10 19:00:00,11,https://example.com/photo11.jpg
Karen Davis,karen.davis@example.com,26,2022-04-11 20:00:00,12,https://example.com/photo12.jpg
Tom Smith,tom.smith@example.com,23,2022-04-12 21:00:00,13,https://example.com/photo13.jpg
Lisa Wang,lisa.wang@example.com,,2022-04-13 22:00:00,14,https://example.com/photo14.jpg
Steve Chen,steve.chen@example.com,31,2022-04-14 23:00:00,15,https://example.com/photo15.jpg
